,model_id,task,train length,test length,batch_size,lr,data_seed,model_seed,target_layer,operation,probe index,mask_init,model path,train loss,test loss,knn dev acc,dev majority acc,knn test acc,test majority acc,full model knn dev acc,full model knn test acc,L0 Norm,L0 Max, vanilla acc Test, ablated acc Test
0,f4c5dcf5-d576-42ba-9d4f-3e43154606bc,grokking,4000,8517,500,0.001,0,0,0,attn,2,0.0,../Model/Algorithmic_Train/Grokking/model_LR_0.001_Seed_0_500,3.823658138513565,4.297063522868687,0.49784428100431144,0.007101191985797616,0.49559704121169423,0.009627803217095221,0.4856708090286584,0.48303393213572854,53248.0,65536,0.03827638839967125,0.009040742045321123
1,0ec48aaf-e203-4ee4-be08-a8a1988870a8,grokking,4000,8517,500,0.001,0,0,0,mlp,2,0.0,../Model/Algorithmic_Train/Grokking/model_LR_0.001_Seed_0_500,3.7456761598587036,4.21749128235711,0.2764392594471215,0.007101191985797616,0.28225901138898674,0.009627803217095221,0.1922394116155212,0.22413995538335094,34432.0,131072,0.03827638839967125,0.014324292591288012
