,model_id,label,train length,dev length,test length,batch_size,lr,seed,target_layer,mask_init,model,model path,train loss,dev loss,knn dev acc,dev majority acc,knn test acc,test majority acc,L0 Norm,L0 Max,vanilla acc,ablated acc,kl,mlm vanilla acc,mlm ablated acc,mlm kl,random ablate acc,random ablate kl,random ablate mlm acc,random ablate mlm kl
0,06127c81-d86f-44dc-8c1e-53eebd94a609,pos,15580,1758,16829,16,0.001,0,0,0.0,mpnet,microsoft/mpnet-base,2.726422594439599,2.6528138319651284,0.6120026525198939,0.1313660477453581,0.599263176659338,0.1293600332758928,315867.0,4718592,0.0,0.0,0.015570863286241094,0.0,0.0,0.01199599322332137,0.0,0.0029257683810143525,0.0,0.003730334480057441
1,1ce86eda-ccef-497b-a818-4045f5a937b7,pos,15580,1758,16829,16,0.001,0,1,0.0,mpnet,microsoft/mpnet-base,2.7227111362641856,2.6556033293406167,0.6179708222811671,0.1313660477453581,0.6024125022282963,0.1293600332758928,341232.0,4718592,0.0,0.0,0.02300702344189893,0.0,0.0,0.019173050851906705,0.0,0.003264070300699024,0.0,0.0035710300084748573
