,model_id,label,train length,dev length,test length,batch_size,lr,seed,target_layer,mask_init,model,model path,train loss,dev loss,knn dev acc,dev majority acc,knn test acc,test majority acc,L0 Norm,L0 Max,vanilla acc,ablated acc,kl,mlm vanilla acc,mlm ablated acc,mlm kl
0,fc9d2220-912a-4b57-826d-bed5b5b32f05,pos,15616,1731,16687,16,0.001,0,0,0.0,roberta,roberta-base,2.784740736407618,2.8011382023493447,0.5787738958470666,0.12465392221489782,0.5584586804098999,0.1355546233595014,439480.0,4718592,0.0,0.0,0.01131658606190499,0.0,0.0,0.009279262994778131
1,23e0fe42-320f-48ef-8d91-66cc9d4cad13,pos,15616,1731,16687,16,0.001,0,1,0.0,roberta,roberta-base,2.78377241088498,2.8025744756062827,0.5820698747528016,0.12465392221489782,0.5563612392880686,0.1355546233595014,466322.0,4718592,0.0,0.0,0.02025619360918556,0.0,0.0,0.015712207997745718
2,5b7a3711-a704-40bf-9143-2e8eb29aa805,pos,15616,1731,16687,16,0.001,0,2,0.0,roberta,roberta-base,2.7842503709177815,2.8073002894719443,0.5867501647989453,0.12465392221489782,0.5597171450829987,0.1355546233595014,486530.0,4718592,0.0,0.0,0.02386132745794911,0.0,0.0,0.021320911388965587
