,model_id,train length,test length,batch_size,lr,data_seed,model_seed,target_layer,residual_location,target_position,model path,train loss,test loss,train acc,test acc
0,6e0cd585-19c2-4ba0-8417-e94316447015,4000,8517,500,0.1,0,0,0,resid_mid,2,../Model/Algorithmic_Train/Grokking/a2_b/model_LR_0.001_Seed_0_8000,0.278753649443388,0.3124457895755768,0.9992499947547913,0.9989432692527771
1,f19844bc-a60e-463c-8e76-8143c3a4d461,4000,8517,500,0.1,0,0,0,resid_post,2,../Model/Algorithmic_Train/Grokking/a2_b/model_LR_0.001_Seed_0_8000,3.2483892738819122,3.383547001414829,0.24500000476837158,0.19701772928237915
