,model_id,label,train length,dev length,test length,batch_size,lr,seed,target_layer,mask_init,model,model path,train loss,dev loss,knn dev acc,dev majority acc,knn test acc,test majority acc,L0 Norm,L0 Max,vanilla acc,ablated acc,random ablate acc,kl,random ablate kl,mlm vanilla acc,mlm ablated acc,random ablate mlm acc,mlm kl,random ablate mlm kl
0,6e149f01-9ed5-48da-8141-c830890af4f2,tag,1760,1112,1220,4,0.001,0,0,0.0,roberta,roberta-base,3.042083463668823,2.925763338804245,0.7571428571428571,0.17936507936507937,0.760655737704918,0.17950819672131146,1833483.0,4718592,0.9440654843110505,0.0,0.04024556616643929,11.72473727404502,11.012677326696794,0.47392923649906893,0.000931098696461825,0.00186219739292365,9.700471732425513,12.834476293354284
