,model_id,label,train length,dev length,test length,batch_size,lr,seed,target_layer,mask_init,model,model path,train loss,dev loss,knn dev acc,dev majority acc,knn test acc,test majority acc,L0 Norm,L0 Max,vanilla acc,ablated acc,kl,mlm vanilla acc,mlm ablated acc,mlm kl
0,435f241a-fa7c-463a-96f1-5503b59fb639,tag,15616,1731,16687,16,0.001,0,0,0.0,roberta,roberta-base,1.9183349224828905,1.8912283182144165,0.5945286750164799,0.16249176005273566,0.5735003295978905,0.17354827110924673,464691.0,4718592,0.0,0.0,0.011850031347222668,0.0,0.0,0.009696941283206847
1,7c03eee0-a237-4e5b-b79b-a034ece88f48,tag,15616,1731,16687,16,0.001,0,1,0.0,roberta,roberta-base,1.9194068639509139,1.8906463781992595,0.5992089650626236,0.16249176005273566,0.5748187211601846,0.17354827110924673,486173.0,4718592,0.0,0.0,0.021274699539434713,0.0,0.0,0.016470621628473802
2,f59417ba-1e23-4f08-9f45-7ca52231719c,tag,15616,1731,16687,16,0.001,0,2,0.0,roberta,roberta-base,1.9223331059178999,1.896765689055125,0.598022412656559,0.16249176005273566,0.5734404027086953,0.17354827110924673,506493.0,4718592,0.0,0.0,0.02213555216137829,0.0,0.0,0.01974619616259326
