,model_id,label,train length,dev length,test length,batch_size,lr,seed,target_layer,mask_init,model,model path,train loss,dev loss,knn dev acc,dev majority acc,knn test acc,test majority acc,L0 Norm,L0 Max,vanilla acc,ablated acc,kl,mlm vanilla acc,mlm ablated acc,mlm kl
0,0b51ed32-a954-4eb8-a8fe-172829239676,tag,16737,1624,15703,16,0.001,0,0,0.0,roberta,roberta-base,1.7076689043352682,1.8093717495600383,0.9720115899143086,0.17045804820911165,0.9251735337196714,0.1720690313952748,290722.0,4718592,0.9207272727272727,0.8174545454545454,1.2410392400568182,0.4694167852062589,0.3741109530583215,1.5877294852418207
1,b0342753-ac0b-4fcc-b2dc-fda932b08f09,tag,16737,1624,15703,16,0.001,0,1,0.0,roberta,roberta-base,1.6974907555887777,1.7901986837387085,0.9857592010356945,0.17045804820911165,0.9484811819397567,0.1720690313952748,296251.0,4718592,0.9207272727272727,0.4669090909090909,5.804250710227273,0.4694167852062589,0.10668563300142248,5.7719528610641895
2,f7410c68-efeb-47ae-9aba-08002040ed65,tag,16737,1624,15703,16,0.001,0,2,0.0,roberta,roberta-base,1.7018749560079267,1.786679446697235,0.9844029344676654,0.17045804820911165,0.9498185060179584,0.1720690313952748,293943.0,4718592,0.9207272727272727,0.504,3.1120777698863638,0.4694167852062589,0.17780938833570412,3.843761113086771
