,model_id,train length,test length,batch_size,lr,data_seed,model_seed,target_layer,residual_location,target_position,model path,train loss,test loss,train acc,test acc
0,a7a69227-7fbe-4c4b-9b77-59f7c8d1680a,4000,8517,500,0.1,0,0,0,resid_mid,2,../Model/Algorithmic_Train/Grokking/model_LR_0.001_Seed_0_3000,0.3102359287440777,0.374150683482488,0.9957500100135803,0.9869672656059265
1,5a99d249-376d-4161-9e66-65972341372c,4000,8517,500,0.1,0,0,0,resid_post,2,../Model/Algorithmic_Train/Grokking/model_LR_0.001_Seed_0_3000,3.2108981013298035,3.3389452828301325,0.24975000321865082,0.2064107060432434
