,model_id,label,train length,dev length,test length,batch_size,lr,seed,target_layer,mask_init,model,model path,train loss,dev loss,knn dev acc,dev majority acc,knn test acc,test majority acc,L0 Norm,L0 Max,vanilla acc,ablated acc,kl,mlm vanilla acc,mlm ablated acc,mlm kl
0,e16f81d6-fb7d-4239-add7-7f015478c27a,dep,16737,1624,15703,16,0.001,0,0,0.0,roberta,roberta-base,2.5689219313283123,2.730493426322937,0.7961284754330806,0.111275507058751,0.6593007705533974,0.1171750620900465,351044.0,4718592,0.9207272727272727,0.8181818181818182,1.1971986860795454,0.4694167852062589,0.4174964438122333,0.8603229115731685
1,7919eb30-45b1-4dea-9720-5bd5854b754a,dep,16737,1624,15703,16,0.001,0,1,0.0,roberta,roberta-base,2.553117640556828,2.687594493230184,0.8167190678749768,0.111275507058751,0.7108832707126027,0.1171750620900465,374765.0,4718592,0.9207272727272727,0.5970909090909091,3.7499485085227273,0.4694167852062589,0.1379800853485064,4.494983135890825
2,eb4a0b66-421d-463f-9f59-cc856075b6f3,dep,16737,1624,15703,16,0.001,0,2,0.0,roberta,roberta-base,2.553102151040108,2.667229413986206,0.8071019049380432,0.111275507058751,0.7187161688849264,0.1171750620900465,371891.0,4718592,0.9207272727272727,0.2581818181818182,6.598269176136363,0.4694167852062589,0.10668563300142248,5.456484625044452
