,model_id,label,train length,dev length,test length,batch_size,lr,seed,target_layer,mask_init,model,model path,train loss,dev loss,knn dev acc,dev majority acc,knn test acc,test majority acc,L0 Norm,L0 Max,vanilla acc,ablated acc,kl,mlm vanilla acc,mlm ablated acc,mlm kl
0,d52d32b1-0554-42fa-82e7-6a6426c04967,tag,16102,1626,16570,16,0.001,0,0,0.0,roberta,roberta-base,1.9509689596391493,1.9313281575838726,0.6040968822468435,0.16464828652409172,0.5905250452625226,0.1692214846107423,509602.0,4718592,0.0,0.0,0.009377495299460472,0.0,0.0,0.009043271028542821
1,c33c3cd6-e9c8-439c-8a3a-fda117209e93,tag,16102,1626,16570,16,0.001,0,1,0.0,roberta,roberta-base,1.961612420697366,1.9451709389686584,0.5999098170574594,0.16464828652409172,0.587869643934822,0.1692214846107423,541319.0,4718592,0.0,0.0,0.011004944285812432,0.0,0.0,0.01029905043467929
2,cb8e2dab-5209-4497-b85b-b9d662435c2b,tag,16102,1626,16570,16,0.001,0,2,0.0,roberta,roberta-base,1.968215727036999,1.947125792503357,0.5960448338057202,0.16464828652409172,0.5785153892576946,0.1692214846107423,566801.0,4718592,0.0,0.0,0.011238482900429182,0.0,0.0,0.009966028761180697
