,model_id,label,train length,dev length,test length,batch_size,lr,seed,target_layer,mask_init,model,model path,train loss,dev loss,knn dev acc,dev majority acc,knn test acc,test majority acc,L0 Norm,L0 Max,vanilla acc,ablated acc,kl,mlm vanilla acc,mlm ablated acc,mlm kl
0,bbb5a3a9-dc92-4f0b-9cc4-b8293f9af503,tag,16521,1522,15977,16,0.001,0,0,1.0,convbert,YituTech/conv-bert-base,2.535250602229949,2.5163894494374595,0.2866645943425552,0.1644389182468138,0.2915440946360393,0.16880515741378233,4718592.0,4718592,0.0,0.0006472491909385113,0.026972008368729775,0.0,0.0,0.025757602669975975
1,8f843683-1f6f-4b6f-89e8-d113403864a8,tag,16521,1522,15977,16,0.001,0,1,1.0,convbert,YituTech/conv-bert-base,2.53598359323317,2.516291697820028,0.2863537457258315,0.1644389182468138,0.28885272579332794,0.16880515741378233,4718592.0,4718592,0.0,0.0,0.02790626106138754,0.0,0.0,0.02554165775125677
2,ba2786db-66e7-4c0d-825d-07ea38e91772,tag,16521,1522,15977,16,0.001,0,2,1.0,convbert,YituTech/conv-bert-base,2.5396714056691816,2.520446538925171,0.29020826857320486,0.1644389182468138,0.28860236590098265,0.16880515741378233,4718592.0,4718592,0.0,0.0,0.024966652879437196,0.0,0.0,0.028695561669089577
3,abd352a6-6f2b-4184-9650-fe0be99c78ae,tag,16521,1522,15977,16,0.001,0,3,1.0,convbert,YituTech/conv-bert-base,2.5402073014167046,2.5206796725591025,0.27522536524712465,0.1644389182468138,0.271390123302247,0.16880515741378233,4718592.0,4718592,0.0,0.0,0.025182710419194985,0.0,0.0,0.024639755487442017
4,caa4e771-5c85-4df0-a091-4c72f88a0a94,tag,16521,1522,15977,16,0.001,0,4,1.0,convbert,YituTech/conv-bert-base,2.540709203289401,2.5219295024871826,0.28983525023313644,0.1644389182468138,0.29123114477060774,0.16880515741378233,4718592.0,4718592,0.0,0.0,0.023146642296059616,0.0,0.0007102272727272727,0.022573303092609753
5,6c41986f-383b-41c7-94a9-2186f0e47415,tag,16521,1522,15977,16,0.001,0,5,1.0,convbert,YituTech/conv-bert-base,2.5435483109566475,2.523533900578817,0.2598694435809761,0.1644389182468138,0.2558678099768417,0.16880515741378233,4718592.0,4718592,0.0,0.0,0.026277772971341526,0.0,0.0007102272727272727,0.022527525370771236
