,model_id,label,train length,dev length,test length,batch_size,lr,seed,target_layer,mask_init,model,model path,train loss,dev loss,knn dev acc,dev majority acc,knn test acc,test majority acc,L0 Norm,L0 Max,vanilla acc,ablated acc,kl,mlm vanilla acc,mlm ablated acc,mlm kl
0,51cec5ac-b094-4862-8697-718430086dc5,dep,16521,1522,15977,16,0.001,0,0,1.0,bert,bert-large-uncased,3.3818487351940525,3.424826184908549,0.22521396888861123,0.11638658087086899,0.22463541340677223,0.11698065969831634,8388608.0,8388608,0.0,0.0,0.03950900969767648,0.0,0.0,0.03950487483631481
1,c66a610e-db16-4edd-9642-3040b0a60f05,dep,16521,1522,15977,16,0.001,0,1,1.0,bert,bert-large-uncased,3.384609753085721,3.4268980820973716,0.23064909102267758,0.11638658087086899,0.23214621017712964,0.11698065969831634,8388608.0,8388608,0.0,0.0,0.04248466121340261,0.0,0.0,0.0429982217875394
2,bf594c19-84a4-4313-81dc-5ce54c9a5cf4,dep,16521,1522,15977,16,0.001,0,2,1.0,bert,bert-large-uncased,3.3892729090106104,3.4326652685801187,0.21128256387830324,0.11638658087086899,0.2130562683858046,0.11698065969831634,8388608.0,8388608,0.0,0.0,0.035666365145093804,0.0,0.0,0.034234805540605026
3,c1baaa94-d663-47f2-a52b-59ca8a669b98,dep,16521,1522,15977,16,0.001,0,3,1.0,bert,bert-large-uncased,3.3907408714294434,3.433861494064331,0.2350221777972137,0.11638658087086899,0.23439944920823685,0.11698065969831634,8388608.0,8388608,0.0,0.0,0.04845817096796622,0.0,0.0,0.04698828133669766
4,945c5046-81cd-445e-b31a-07fae48e9c62,dep,16521,1522,15977,16,0.001,0,4,1.0,bert,bert-large-uncased,3.395663353704637,3.4387886921564736,0.23314799775098394,0.11638658087086899,0.22964261125367716,0.11698065969831634,8388608.0,8388608,0.0,0.0,0.03773403229451102,0.0,0.0,0.038086094639518044
5,e08d31d7-6aad-46ae-9b59-12c28d8855fb,dep,16521,1522,15977,16,0.001,0,5,1.0,bert,bert-large-uncased,3.39851071757655,3.4415985345840454,0.24189417130005622,0.11638658087086899,0.23971959692057332,0.11698065969831634,8388608.0,8388608,0.0,0.0,0.04077898290936615,0.0,0.0,0.04237414490092884
6,e3e54850-4583-4f79-81ac-30f1af1e0cde,dep,16521,1522,15977,16,0.001,0,6,1.0,bert,bert-large-uncased,3.4024347528334586,3.445703864097595,0.24101955394514898,0.11638658087086899,0.23871815735119234,0.11698065969831634,8388608.0,8388608,0.0,0.0,0.05475620899385619,0.0,0.0,0.054263499650088226
