,model_id,label,train length,dev length,test length,batch_size,lr,seed,target_layer,mask_init,model,model path,train loss,dev loss,knn dev acc,dev majority acc,knn test acc,test majority acc,L0 Norm,L0 Max,vanilla acc,ablated acc,kl,mlm vanilla acc,mlm ablated acc,mlm kl
0,1c532e1c-ae06-43c6-aae6-a9815052415f,tag,16521,1522,15977,16,0.001,0,0,1.0,ernie,nghuyong/ernie-2.0-base-en,2.452551330289533,2.4383177359898887,0.7738887161952129,0.1644389182468138,0.7698566689616323,0.16880515741378233,4718592.0,4718592,0.0,0.0,0.03164788650463314,0.0,0.0,0.028625775467265736
1,16e58989-00d4-4905-9b46-f3cd00695d6f,tag,16521,1522,15977,16,0.001,0,1,1.0,ernie,nghuyong/ernie-2.0-base-en,2.488430457730447,2.4719717105229697,0.7667391980105689,0.1644389182468138,0.7662890404957126,0.16880515741378233,4718592.0,4718592,0.0,0.0,0.018420458302914517,0.0,0.0,0.017013816670937973
2,4b239373-8773-4d9e-9c2d-a98ccb44882a,tag,16521,1522,15977,16,0.001,0,2,1.0,ernie,nghuyong/ernie-2.0-base-en,2.496437807236948,2.479661226272583,0.7561081753186198,0.1644389182468138,0.75852788383301,0.16880515741378233,4718592.0,4718592,0.0,0.0,0.029371759112213035,0.0,0.0,0.02537679130380804
3,ef19a771-64c2-499d-a40f-eb4cbd217c6c,tag,16521,1522,15977,16,0.001,0,3,1.0,ernie,nghuyong/ernie-2.0-base-en,2.511090059434214,2.4940758546193442,0.7299968915138327,0.1644389182468138,0.7344933341678663,0.16880515741378233,4718592.0,4718592,0.0,0.0,0.03023692998299707,0.0,0.0,0.025960559194738216
4,e8c9bee5-01fd-4638-b89d-cd5e9c19080d,tag,16521,1522,15977,16,0.001,0,4,1.0,ernie,nghuyong/ernie-2.0-base-en,2.5179531612703876,2.4995181957880654,0.6693192415293752,0.1644389182468138,0.6824810665331414,0.16880515741378233,4718592.0,4718592,0.0,0.0,0.03285915535244741,0.0,0.0,0.0281183123588562
5,ee03e08b-0b4f-4b86-9cd6-9f0d811576e2,tag,16521,1522,15977,16,0.001,0,5,1.0,ernie,nghuyong/ernie-2.0-base-en,2.51886611600076,2.499202609062195,0.6387939073671122,0.1644389182468138,0.652876009263316,0.16880515741378233,4718592.0,4718592,0.0,0.0,0.030756054727004954,0.0,0.0,0.028620980002663353
6,08f17a17-8044-430f-8de5-74a34ad4879e,tag,16521,1522,15977,16,0.001,0,6,1.0,ernie,nghuyong/ernie-2.0-base-en,2.5148611722453946,2.4948660135269165,0.6201429903636929,0.1644389182468138,0.6312824685485385,0.16880515741378233,4718592.0,4718592,0.0,0.0,0.038462434540288734,0.0,0.0,0.036169252612374046
