,model_id,label,train length,dev length,test length,batch_size,lr,seed,target_layer,mask_init,model,model path,train loss,dev loss,knn dev acc,dev majority acc,knn test acc,test majority acc,L0 Norm,L0 Max,vanilla acc,ablated acc,kl,mlm vanilla acc,mlm ablated acc,mlm kl
0,b99ee395-6342-4b59-955e-1dfa2112875c,dep,15616,1731,16687,16,0.001,0,0,0.0,roberta,roberta-base,2.8566908182636386,2.756550669670105,0.4615029663810152,0.11160184574818721,0.44519685983100615,0.11613831126026249,442886.0,4718592,0.0,0.0,0.01364643586789324,0.0,0.0,0.012104134880166375
1,92fb03b7-4fea-43ad-b389-99bd9e9fe298,dep,15616,1731,16687,16,0.001,0,1,0.0,roberta,roberta-base,2.855648325335595,2.7593522866566977,0.46282135794330914,0.11160184574818721,0.4495115958530593,0.11613831126026249,460995.0,4718592,0.0,0.0,0.02012175419291512,0.0,0.0,0.016878430742566484
2,fc86e60a-3f59-4876-ae18-8b83e252a3aa,dep,15616,1731,16687,16,0.001,0,2,0.0,roberta,roberta-base,2.858531367394232,2.7644564310709634,0.46974291364535264,0.11160184574818721,0.4514891831965003,0.11613831126026249,469810.0,4718592,0.0,0.0,0.028055081602002752,0.0,0.000693000693000693,0.0236822327886781
