,model_id,task,train length,test length,batch_size,lr,data_seed,model_seed,target_layer,operation,probe index,mask_init,model path,train loss,test loss,knn dev acc,dev majority acc,knn test acc,test majority acc,full model knn dev acc,full model knn test acc,L0 Norm,L0 Max, vanilla acc Test, ablated acc Test
0,9f856f28-ae1b-49cb-982d-de1210be7f1c,grokking,4000,8517,500,0.001,0,0,0,attn,2,0.0,../Model/Algorithmic_Train/Grokking/model_LR_0.001_Seed_0_300,3.863583594560623,4.261566797892253,0.4019781891960436,0.011159015977681968,0.3929787483855818,0.007749207467418105,0.1765153436469693,0.16872138076787602,36224.0,65536,0.029940119760479042,0.009510390982740402
1,8e100f04-4e29-4a59-b1ac-b8e95aadcff5,grokking,4000,8517,500,0.001,0,0,0,mlp,2,0.0,../Model/Algorithmic_Train/Grokking/model_LR_0.001_Seed_0_300,3.840008646249771,4.245667060216268,0.08749682982500634,0.011159015977681968,0.09005518375014676,0.007749207467418105,0.07938118184123763,0.0949864975930492,24960.0,131072,0.029940119760479042,0.016789949512739228
