,model_id,label,train length,dev length,test length,batch_size,lr,seed,target_layer,mask_init,model,model path,train loss,dev loss,knn dev acc,dev majority acc,knn test acc,test majority acc,L0 Norm,L0 Max,vanilla acc,ablated acc,kl,mlm vanilla acc,mlm ablated acc,mlm kl
0,21d53efd-1804-4491-b508-391c4e95ebe5,pos,16793,1824,16571,12,0.001,0,0,0.0,gpt2,gpt2,2.618009271391903,2.700525015592575,0.9067879980324643,0.13908017707820955,0.8555307464848229,0.12787399674129504,262580.0,4718592,0.19363762102351315,0.13623789764868602,1.1040341283605637,-1,-1,-1
