,model_id,label,train length,dev length,test length,batch_size,lr,seed,target_layer,mask_init,model,model path,train loss,dev loss,knn dev acc,dev majority acc,knn test acc,test majority acc,L0 Norm,L0 Max,vanilla acc,ablated acc,kl,mlm vanilla acc,mlm ablated acc,mlm kl
0,773c1181-f6f8-4c3e-afec-50ded894641f,tag,16858,1141,1130,4,0.001,0,0,0.0,gpt2,gpt2,2.268320890903473,2.2999024242162704,0.8209438806700086,0.17563271793617802,0.8256637168141593,0.1752212389380531,692768.0,4718592,0.2051948051948052,0.0329004329004329,3.117196800595238,-1,-1,-1
