,model_id,label,train length,dev length,test length,batch_size,lr,seed,target_layer,mask_init,model,model path,train loss,dev loss,knn dev acc,dev majority acc,knn test acc,test majority acc,L0 Norm,L0 Max,vanilla acc,ablated acc,kl,mlm vanilla acc,mlm ablated acc,mlm kl
0,fad5448a-78eb-4403-b082-782427549318,dep,16521,1522,15977,16,0.001,0,0,1.0,gpt_neox,EleutherAI/pythia-70m,3.305409235339011,3.3428333600362143,0.3850031113876789,0.11617921593030492,0.3861175439694561,0.11698065969831634,2097152.0,2097152,0.0,0.0,0.11712983947715006,-1,-1,-1
1,379e12a8-54b3-4dbd-baa0-ffdd7534eed2,dep,16521,1522,15977,16,0.001,0,1,1.0,gpt_neox,EleutherAI/pythia-70m,3.326032142485342,3.3623849948247275,0.39203484754200374,0.11617921593030492,0.39412906052450397,0.11698065969831634,2097152.0,2097152,0.0,0.0,0.052537936325510876,-1,-1,-1
2,f4127384-2cc4-4a04-97be-3d69175561da,dep,16521,1522,15977,16,0.001,0,2,1.0,gpt_neox,EleutherAI/pythia-70m,3.337039178417575,3.3713223934173584,0.39035469819539514,0.11617921593030492,0.3915002816548789,0.11698065969831634,2097152.0,2097152,0.0,0.0,0.03292848138462745,-1,-1,-1
3,ebc08125-a017-4cc2-9b50-0a14f60429fd,dep,16521,1522,15977,16,0.001,0,3,1.0,gpt_neox,EleutherAI/pythia-70m,3.3449712645622993,3.379359324773153,0.38761667703795893,0.11617921593030492,0.39031107216623895,0.11698065969831634,2097152.0,2097152,0.0,0.0,0.0234889096709252,-1,-1,-1
4,a1fc37ca-8cff-473d-bb66-c39c04b31d1f,dep,16521,1522,15977,16,0.001,0,4,1.0,gpt_neox,EleutherAI/pythia-70m,3.351760575848241,3.3876746892929077,0.3884256378344742,0.11617921593030492,0.3937535206859861,0.11698065969831634,2097152.0,2097152,0.0,0.0,0.017047139320349222,-1,-1,-1
5,96b1c17b-2487-40b9-b336-f5e0805c382f,dep,16521,1522,15977,16,0.001,0,5,1.0,gpt_neox,EleutherAI/pythia-70m,3.357939689390121,3.3900794982910156,0.38431860609831986,0.11617921593030492,0.3850535144269888,0.11698065969831634,2097152.0,2097152,0.0,0.0,0.014093482927428149,-1,-1,-1
