,model_id,label,train length,dev length,test length,batch_size,lr,seed,target_layer,mask_init,model,model path,train loss,dev loss,knn dev acc,dev majority acc,knn test acc,test majority acc,L0 Norm,L0 Max,vanilla acc,ablated acc,kl,mlm vanilla acc,mlm ablated acc,mlm kl
0,cdbe8eb0-872f-4c9c-ab73-cd727d846e86,dep,16521,1522,15977,16,0.001,0,0,1.0,gpt_neox,EleutherAI/pythia-70m,3.2250833319079493,3.257387558619181,0.48543870566272557,0.11617921593030492,0.48119171308756337,0.11698065969831634,2097152.0,2097152,0.15678776290630975,0.015296367112810707,3.0119801625239004,-1,-1,-1
1,24521927-52cb-445b-9af8-270c04f4a2c1,dep,16521,1522,15977,16,0.001,0,1,1.0,gpt_neox,EleutherAI/pythia-70m,3.321647694033961,3.3593990802764893,0.49166148102053514,0.11617921593030492,0.48519747136508734,0.11698065969831634,2097152.0,2097152,0.15678776290630975,0.06437221159974506,2.5077374995020714,-1,-1,-1
2,04a52b23-3a13-4094-84f5-90912e256bed,dep,16521,1522,15977,16,0.001,0,2,1.0,gpt_neox,EleutherAI/pythia-70m,3.3170083184396066,3.357872804005941,0.49757311761045425,0.11617921593030492,0.4974651060900044,0.11698065969831634,2097152.0,2097152,0.15678776290630975,0.09177820267686425,1.4677949106716062,-1,-1,-1
3,f4d03c72-ec4e-436a-bbf2-36f2d6479b8d,dep,16521,1522,15977,16,0.001,0,3,1.0,gpt_neox,EleutherAI/pythia-70m,3.328268024229234,3.3683416843414307,0.45102675793403857,0.11617921593030492,0.45634349377229766,0.11698065969831634,2097152.0,2097152,0.15678776290630975,0.10133843212237094,0.6460585293304851,-1,-1,-1
4,53fbeb7a-39a8-4606-97f7-024b3d85a55d,dep,16521,1522,15977,16,0.001,0,4,1.0,gpt_neox,EleutherAI/pythia-70m,3.339897367262071,3.3845585187276206,0.4878655880522713,0.11617921593030492,0.4931463979470489,0.11698065969831634,2097152.0,2097152,0.15678776290630975,0.10070108349267048,0.992205238706979,-1,-1,-1
5,b5540af8-8521-4bdb-806e-07010dc73231,dep,16521,1522,15977,16,0.001,0,5,1.0,gpt_neox,EleutherAI/pythia-70m,3.4252433353854763,3.4627331097920737,0.44872433105164905,0.11617921593030492,0.4493960067597171,0.11698065969831634,2097152.0,2097152,0.15678776290630975,0.10325047801147227,3.44907248346877,-1,-1,-1
