,model_id,label,train length,dev length,test length,batch_size,lr,seed,target_layer,mask_init,model,model path,train loss,dev loss,knn dev acc,dev majority acc,knn test acc,test majority acc,L0 Norm,L0 Max,vanilla acc,ablated acc,kl,mlm vanilla acc,mlm ablated acc,mlm kl
0,7d5f0d63-aaa8-4361-9efb-dea85ebf9d64,tag,16521,1522,15977,16,0.001,0,0,1.0,gpt_neox,EleutherAI/pythia-70m,2.371154027600442,2.3388441801071167,0.7414436838830119,0.16285003111387678,0.7502660073856168,0.16880515741378233,2097152.0,2097152,0.15678776290630975,0.015296367112810707,3.0119801625239004,-1,-1,-1
1,c321e0d8-25db-42a7-a8bd-968b7c72b87e,tag,16521,1522,15977,16,0.001,0,1,1.0,gpt_neox,EleutherAI/pythia-70m,2.4872206449508667,2.4582627216974893,0.6848786558805227,0.16285003111387678,0.6852350253489391,0.16880515741378233,2097152.0,2097152,0.15678776290630975,0.06437221159974506,2.5077374995020714,-1,-1,-1
2,42f7c66b-7e83-475e-8513-a2ed7947a172,tag,16521,1522,15977,16,0.001,0,2,1.0,gpt_neox,EleutherAI/pythia-70m,2.4813007577773063,2.4535597562789917,0.7117610454262601,0.16285003111387678,0.7120235338298805,0.16880515741378233,2097152.0,2097152,0.15678776290630975,0.09177820267686425,1.4677949106716062,-1,-1,-1
3,068e6733-fcfe-4993-9f67-5bee91cb6d56,tag,16521,1522,15977,16,0.001,0,3,1.0,gpt_neox,EleutherAI/pythia-70m,2.4960039584867415,2.4657055934270224,0.6255133789670193,0.16285003111387678,0.6263378606747199,0.16880515741378233,2097152.0,2097152,0.15678776290630975,0.10133843212237094,0.6460585293304851,-1,-1,-1
4,9b48a926-d778-4b74-8925-d3d57fd17d36,tag,16521,1522,15977,16,0.001,0,4,1.0,gpt_neox,EleutherAI/pythia-70m,2.501600576985267,2.4733314514160156,0.6914125700062228,0.16285003111387678,0.6975652500469425,0.16880515741378233,2097152.0,2097152,0.15678776290630975,0.10070108349267048,0.992205238706979,-1,-1,-1
5,108aee8d-db8a-4c19-be3a-f02bc2f33f46,tag,16521,1522,15977,16,0.001,0,5,1.0,gpt_neox,EleutherAI/pythia-70m,2.5736898145368023,2.54111909866333,0.6317361543248289,0.16285003111387678,0.6334105276334732,0.16880515741378233,2097152.0,2097152,0.15678776290630975,0.10325047801147227,3.44907248346877,-1,-1,-1
