,model_id,label,train length,dev length,test length,batch_size,lr,seed,target_layer,mask_init,model,model path,train loss,dev loss,knn dev acc,dev majority acc,knn test acc,test majority acc,L0 Norm,L0 Max,vanilla acc,ablated acc,kl,mlm vanilla acc,mlm ablated acc,mlm kl
0,24c04f61-1f03-4a72-9d1b-6f8467c16e5c,tag,16521,1522,15977,16,0.001,0,0,1.0,gpt_neox,EleutherAI/pythia-70m,2.469631087395453,2.441209395726522,0.4744866210329807,0.16285003111387678,0.48544783125743257,0.16880515741378233,2097152.0,2097152,0.0,0.0,0.11712983947715006,-1,-1,-1
1,8eb4390a-4cac-4899-b314-a040c0f1ce4c,tag,16521,1522,15977,16,0.001,0,1,1.0,gpt_neox,EleutherAI/pythia-70m,2.489163233387855,2.460005442301432,0.5014312383322962,0.16285003111387678,0.5083557614070225,0.16880515741378233,2097152.0,2097152,0.0,0.0,0.052537936325510876,-1,-1,-1
2,a5df5c16-8c8d-4259-8e13-273594665bbc,tag,16521,1522,15977,16,0.001,0,2,1.0,gpt_neox,EleutherAI/pythia-70m,2.4991147864249443,2.468406001726786,0.48985687616677037,0.16285003111387678,0.4964636665206234,0.16880515741378233,2097152.0,2097152,0.0,0.0,0.03292848138462745,-1,-1,-1
3,04f4479f-00d8-4dd9-b251-abc7fe6da2dd,tag,16521,1522,15977,16,0.001,0,3,1.0,gpt_neox,EleutherAI/pythia-70m,2.505806503757354,2.475553790728251,0.4955196017423771,0.16285003111387678,0.5017838142329599,0.16880515741378233,2097152.0,2097152,0.0,0.0,0.0234889096709252,-1,-1,-1
4,8f633f4c-b8fd-4267-a19a-4f403a99a4a6,tag,16521,1522,15977,16,0.001,0,4,1.0,gpt_neox,EleutherAI/pythia-70m,2.5127168124721897,2.4833713372548423,0.4915992532669571,0.16285003111387678,0.4988420854979032,0.16880515741378233,2097152.0,2097152,0.0,0.0,0.017047139320349222,-1,-1,-1
5,161734e9-41e1-460a-bf18-e31177985766,tag,16521,1522,15977,16,0.001,0,5,1.0,gpt_neox,EleutherAI/pythia-70m,2.5185854127330165,2.4879286686579385,0.4822028624766646,0.16285003111387678,0.489954309319647,0.16880515741378233,2097152.0,2097152,0.0,0.0,0.014093482927428149,-1,-1,-1
