,model_id,label,train length,dev length,test length,batch_size,lr,seed,target_layer,mask_init,model,model path,train loss,dev loss,knn dev acc,dev majority acc,knn test acc,test majority acc,L0 Norm,L0 Max,vanilla acc,ablated acc,kl,mlm vanilla acc,mlm ablated acc,mlm kl
0,9be31d9c-7c0a-4872-a700-c093ad5d5387,pos,16737,1624,15703,16,0.001,0,0,0.0,roberta,roberta-base,2.531505819289915,2.7080928484598794,0.9483385734541644,0.10326120461130633,0.9043494873591034,0.09679679042221231,280475.0,4718592,0.9207272727272727,0.7949090909090909,1.4666766690340909,0.4694167852062589,0.38264580369843526,1.4089091532939189
1,344c8864-97e2-43c7-9fc7-d3fe98bd5b8e,pos,16737,1624,15703,16,0.001,0,1,0.0,roberta,roberta-base,2.5324052687614196,2.6980470418930054,0.959373651439492,0.10326120461130633,0.9205247404954467,0.09679679042221231,295120.0,4718592,0.9207272727272727,0.4974545454545454,5.3588792613636365,0.4694167852062589,0.112375533428165,6.069342883179232
2,288948b6-b97e-4874-8e89-54a3a873d7f4,pos,16737,1624,15703,16,0.001,0,2,0.0,roberta,roberta-base,2.5371323939292663,2.6946276426315308,0.9599284877627766,0.10326120461130633,0.9307138763293639,0.09679679042221231,284720.0,4718592,0.9207272727272727,0.7818181818181819,0.8551342329545455,0.4694167852062589,0.2901849217638691,1.9897971444923541
