,model_id,label,train length,dev length,test length,batch_size,lr,seed,target_layer,mask_init,model,model path,train loss,dev loss,knn dev acc,dev majority acc,knn test acc,test majority acc,L0 Norm,L0 Max,vanilla acc,ablated acc,kl,mlm vanilla acc,mlm ablated acc,mlm kl
0,9bca75f8-82e8-45e1-95a3-33ab8dc8e569,tag,16793,1824,16571,12,0.001,0,0,0.0,gpt2,gpt2,1.7660941962736199,1.8140574097633362,0.9141662567634038,0.1750491883915396,0.8684448735743165,0.16993542936455253,260923.0,4718592,0.19363762102351315,0.15352697095435686,0.8173825592420902,-1,-1,-1
