,model_id,label,train length,dev length,test length,batch_size,lr,seed,target_layer,mask_init,model,model path,train loss,dev loss,knn dev acc,dev majority acc,knn test acc,test majority acc,L0 Norm,L0 Max,vanilla acc,ablated acc,kl,mlm vanilla acc,mlm ablated acc,mlm kl
0,4d1866c7-2037-4136-8598-9cc57b656213,pos,16102,1626,16570,16,0.001,0,0,0.0,roberta,roberta-base,2.820078492164612,2.8060489495595298,0.5827750579747488,0.1266426178819892,0.5626433313216657,0.1288473144236572,517542.0,4718592,0.0,0.0,0.009079408748322738,0.0,0.0,0.008926450054618536
1,11cff0f0-47f4-4a75-b46e-8b67c7da1072,pos,16102,1626,16570,16,0.001,0,1,0.0,roberta,roberta-base,2.8296206074376262,2.814859310785929,0.5748518423086834,0.1266426178819892,0.5507543753771877,0.1288473144236572,552313.0,4718592,0.0,0.0,0.010800686142723594,0.0,0.0,0.009745627701242791
2,8db4e099-8e89-41bf-9ecb-40599280de39,pos,16102,1626,16570,16,0.001,0,2,0.0,roberta,roberta-base,2.8371461399139895,2.816575209299723,0.5673795413553208,0.1266426178819892,0.5458660229330115,0.1288473144236572,573579.0,4718592,0.0,0.0,0.010837618601210923,0.0,0.0,0.01003329806292875
