,model_id,label,train length,dev length,test length,batch_size,lr,seed,target_layer,mask_init,model,model path,train loss,dev loss,knn dev acc,dev majority acc,knn test acc,test majority acc,L0 Norm,L0 Max,vanilla acc,ablated acc,kl,mlm vanilla acc,mlm ablated acc,mlm kl
0,ecca9fa6-9745-4664-a444-f75c1d234857,dep,16102,1626,16570,16,0.001,0,0,0.0,roberta,roberta-base,2.8585341861171107,2.8539241552352905,0.47378253027570216,0.11543416645194537,0.45847917923958964,0.11544960772480387,488897.0,4718592,0.0,0.0,0.009968692590586161,0.0,0.0,0.009766372817901672
1,7c3c68ac-187a-42f7-9d3b-e646f46774cf,dep,16102,1626,16570,16,0.001,0,1,0.0,roberta,roberta-base,2.8670357504198627,2.86190672715505,0.46965988147384696,0.11543416645194537,0.4517803258901629,0.11544960772480387,520678.0,4718592,0.0,0.0,0.012873909067782411,0.0,0.0,0.012336744934935953
2,79cfce93-1f26-4980-a84f-16b7e09fd2e1,dep,16102,1626,16570,16,0.001,0,2,0.0,roberta,roberta-base,2.874631643295288,2.8673706452051797,0.4636691574336511,0.11543416645194537,0.44471937235968617,0.11544960772480387,535687.0,4718592,0.0,0.0,0.012126347527432082,0.0,0.0,0.011176211606812906
